url_path,views_total,views_unique
/EarthSciML/EarthSciData.jl/blob/3e2f80333b5a41ba486a4cfe4e2bdf9da9562688/src/netcdf_output.jl,2,2
/EarthSciML/EarthSciData.jl,1,1
/EarthSciML/EarthSciData.jl/actions,1,1
/EarthSciML/EarthSciData.jl/actions/runs/21463054363/workflow,1,1
/EarthSciML/EarthSciData.jl/blob/6828413117c30cb8c0f41bdc8c4f216ff2bcb45e/src/era5.jl,1,1
/EarthSciML/EarthSciData.jl/commit/d57b07877def9b89380f0a45b88fa59e35e70472,1,1
/EarthSciML/EarthSciData.jl/commits/main,1,1
/EarthSciML/EarthSciData.jl/issues/73,1,1
/EarthSciML/EarthSciData.jl/pull/148/commits,1,1
/EarthSciML/EarthSciData.jl/pull/218,1,1
